Time,Input,Output,Velocity
0.0000,0.01579,0.00000,-0.2541
0.0361,0.01579,0.00021,-0.1883
0.0701,0.01579,0.00074,-0.1621
0.1096,0.01579,0.00074,-0.1589
0.1569,0.01579,0.00147,-0.1462
0.1852,0.01579,0.00242,-0.1336
0.2367,0.01579,0.00347,-0.1213
0.2799,0.01579,0.00453,-0.1100
0.3064,0.01579,0.00579,-0.0956
0.3415,0.01579,0.00695,-0.0838
0.3826,0.01579,0.00832,-0.0684
0.4190,0.01579,0.00979,-0.0522
0.4523,0.01579,0.01063,-0.0467
0.4922,0.01579,0.01200,-0.0305
0.5227,0.01579,0.01284,-0.0241
0.5572,0.01579,0.01400,-0.0110
0.5843,0.01579,0.01474,-0.0054
0.6132,0.01579,0.01547,0.0017
0.6451,0.01579,0.01589,0.0041
0.6726,0.01579,0.01653,0.0113
0.7017,0.01579,0.01695,0.0147
0.7313,0.01579,0.01747,0.0205
0.7609,0.01579,0.01768,0.0210
0.7884,0.01579,0.01800,0.0244
0.8114,0.01579,0.01811,0.0243
0.8394,0.01579,0.01821,0.0251
0.8645,0.01579,0.01832,0.0261
0.9130,0.01579,0.01842,0.0272
0.9509,0.01579,0.01842,0.0266
0.9819,0.01579,0.01832,0.0247
1.0230,0.01579,0.01811,0.0217
1.0668,0.01579,0.01811,0.0227
1.1432,0.01579,0.01800,0.0213
1.1582,0.01579,0.01779,0.0184
1.1709,0.01579,0.01768,0.0177
1.2051,0.01579,0.01747,0.0150
1.2346,0.01579,0.01737,0.0144
1.2696,0.01579,0.01726,0.0135
1.3136,0.01579,0.01705,0.0107
1.3529,0.01579,0.01684,0.0084
1.3851,0.01579,0.01663,0.0061
1.4234,0.01579,0.01642,0.0039
1.4643,0.01579,0.01632,0.0034
1.5208,0.01579,0.01621,0.0025
1.5833,0.01579,0.01600,-0.0002
1.6059,0.01579,0.01589,-0.0009
1.6231,0.01579,0.01579,-0.0019
1.6489,0.01579,0.01579,-0.0012
1.6964,0.01579,0.01568,-0.0027
1.7366,0.01579,0.01558,-0.0040
1.8261,0.01579,0.01547,-0.0051
1.8423,0.01579,0.01537,-0.0062
1.8737,0.01579,0.01526,-0.0073
1.9026,0.01579,0.01526,-0.0067
1.9282,0.01579,0.01516,-0.0082
1.9898,0.01579,0.01516,-0.0078
2.0208,0.01579,0.01516,-0.0076
2.0599,0.01579,0.01505,-0.0093
2.0869,0.01579,0.01516,-0.0072
2.1227,0.01579,0.01516,-0.0075
2.1577,0.01579,0.01516,-0.0076
2.1976,0.01579,0.01516,-0.0076
2.2274,0.01579,0.01526,-0.0059
2.2646,0.01579,0.01537,-0.0046
2.2913,0.01579,0.01537,-0.0052
2.3295,0.01579,0.01547,-0.0036
2.3575,0.01579,0.01547,-0.0041
2.3954,0.01579,0.01558,-0.0026
2.4282,0.01579,0.01558,-0.0030
2.4620,0.01579,0.01568,-0.0015
2.4918,0.01579,0.01568,-0.0019
2.5249,0.01579,0.01579,-0.0004
2.5580,0.01579,0.01579,-0.0008
2.5857,0.01579,0.01579,-0.0010
2.6405,0.01579,0.01589,0.0007
2.6693,0.01579,0.01589,0.0003
2.7003,0.01579,0.01589,0.0001
2.7330,0.01579,0.01589,0.0001
2.7727,0.01579,0.01589,0.0001
2.8019,0.01579,0.01589,0.0001
2.8287,0.01579,0.01589,0.0001
2.8670,0.01579,0.01589,0.0001
2.8985,0.01579,0.01589,0.0001
2.9276,0.01579,0.01589,0.0001
2.9661,0.01579,0.01589,0.0001
3.0031,0.01579,0.01589,0.0001
3.0377,0.01579,0.01589,0.0001
3.0659,0.01579,0.01589,0.0001
3.1167,0.01579,0.01589,0.0001
3.1440,0.01579,0.01589,0.0001
3.1883,0.01579,0.01589,0.0001
3.2094,0.01579,0.01589,0.0001
3.2493,0.01579,0.01589,0.0001
3.2841,0.01579,0.01589,0.0001
3.3168,0.01579,0.01589,0.0001
3.3424,0.01579,0.01589,0.0001
3.3846,0.01579,0.01589,0.0001
3.4113,0.01579,0.01589,0.0001
3.4362,0.01579,0.01589,0.0001
3.4827,0.01579,0.01589,0.0001
3.5085,0.01579,0.01589,0.0001
3.5442,0.01579,0.01589,0.0001
3.5724,0.01579,0.01589,0.0001
3.6162,0.01579,0.01589,0.0001
3.6695,0.01579,0.01589,0.0001
3.7077,0.01579,0.01589,0.0001
3.7857,0.01579,0.01589,0.0001
3.8272,0.01579,0.01589,0.0001
3.8848,0.01579,0.01589,0.0001
3.9479,0.01579,0.01589,0.0001
3.9889,0.01579,0.01589,0.0001
4.0320,0.01579,0.01589,0.0001
4.0687,0.01579,0.01589,0.0001
4.1487,0.01579,0.01589,0.0001
4.1696,0.01579,0.01600,0.0018
4.1837,0.01579,0.01600,0.0014
4.2105,0.01579,0.01589,-0.0004
4.2573,0.01579,0.01589,-0.0001
4.2947,0.01579,0.01589,0.0001
4.3277,0.01579,0.01589,0.0001
4.3563,0.01579,0.01589,0.0001
4.3987,0.01579,0.01589,0.0001
4.4251,0.01579,0.01589,0.0001
4.4569,0.01579,0.01589,0.0001
4.4979,0.01579,0.01589,0.0001
4.5287,0.01579,0.01589,0.0001
10.7285,0.03084,0.00000,-0.4978
10.7553,0.03084,-0.00042,-0.3818
10.7908,0.03084,-0.00095,-0.3519
10.8154,0.03084,-0.00137,-0.3453
10.8387,0.03084,-0.00105,-0.3347
10.8698,0.03084,-0.00011,-0.3192
10.9060,0.03084,0.00105,-0.3044
10.9604,0.03084,0.00211,-0.2933
10.9949,0.03084,0.00389,-0.2706
11.0342,0.03084,0.00589,-0.2475
11.0638,0.03084,0.00726,-0.2362
11.1022,0.03084,0.00884,-0.2196
11.1356,0.03084,0.01032,-0.2049
11.1685,0.03084,0.01116,-0.2000
11.2046,0.03084,0.01295,-0.1772
11.2261,0.03084,0.01442,-0.1625
11.2806,0.03084,0.01547,-0.1542
11.3007,0.03084,0.01642,-0.1458
11.3178,0.03084,0.01737,-0.1364
11.3454,0.03084,0.01832,-0.1268
11.3834,0.03084,0.01926,-0.1170
11.4171,0.03084,0.02021,-0.1072
11.4544,0.03084,0.02126,-0.0957
11.4853,0.03084,0.02211,-0.0880
11.5167,0.03084,0.02326,-0.0745
11.5647,0.03084,0.02421,-0.0655
11.5930,0.03084,0.02505,-0.0575
11.6281,0.03084,0.02568,-0.0524
11.6547,0.03084,0.02642,-0.0446
11.6900,0.03084,0.02684,-0.0420
11.7257,0.03084,0.02747,-0.0348
11.7566,0.03084,0.02800,-0.0297
11.7906,0.03084,0.02842,-0.0261
11.8171,0.03084,0.02884,-0.0219
11.8481,0.03084,0.02926,-0.0176
11.8745,0.03084,0.02958,-0.0149
11.9084,0.03084,0.02989,-0.0118
11.9606,0.03084,0.03011,-0.0103
12.0050,0.03084,0.03032,-0.0083
12.0421,0.03084,0.03063,-0.0045
12.0975,0.03084,0.03074,-0.0044
12.1491,0.03084,0.03095,-0.0019
12.1994,0.03084,0.03105,-0.0013
12.2692,0.03084,0.03116,-0.0004
12.2872,0.03084,0.03126,0.0007
12.3164,0.03084,0.03137,0.0018
12.3532,0.03084,0.03137,0.0012
12.3915,0.03084,0.03147,0.0027
12.4299,0.03084,0.03158,0.0039
12.4648,0.03084,0.03158,0.0034
12.5002,0.03084,0.03168,0.0049
12.5275,0.03084,0.03168,0.0044
12.5637,0.03084,0.03179,0.0060
12.5888,0.03084,0.03189,0.0072
12.6159,0.03084,0.03189,0.0067
12.6429,0.03084,0.03189,0.0065
12.6742,0.03084,0.03200,0.0082
12.7057,0.03084,0.03200,0.0078
12.7340,0.03084,0.03200,0.0076
12.7603,0.03084,0.03200,0.0076
12.7987,0.03084,0.03189,0.0059
12.8569,0.03084,0.03189,0.0063
12.9087,0.03084,0.03179,0.0048
12.9456,0.03084,0.03179,0.0052
12.9847,0.03084,0.03168,0.0037
13.0368,0.03084,0.03158,0.0024
13.0877,0.03084,0.03158,0.0030
13.1658,0.03084,0.03147,0.0015
13.2867,0.03084,0.03147,0.0020
13.3084,0.03084,0.03137,0.0004
13.3395,0.03084,0.03137,0.0009
13.3919,0.03084,0.03126,-0.0007
13.4418,0.03084,0.03126,-0.0002
13.4996,0.03084,0.03126,-0.0001
13.5418,0.03084,0.03126,-0.0000
13.5886,0.03084,0.03126,-0.0000
13.6551,0.03084,0.03126,-0.0000
13.7049,0.03084,0.03126,-0.0000
13.7535,0.03084,0.03126,0.0000
13.8517,0.03084,0.03126,0.0000
13.8733,0.03084,0.03126,0.0000
13.8967,0.03084,0.03126,0.0000
13.9416,0.03084,0.03126,0.0000
14.1567,0.03084,0.03126,0.0000
14.1846,0.03084,0.03126,0.0000
14.2114,0.03084,0.03126,0.0000
14.2316,0.03084,0.03126,0.0000
14.2479,0.03084,0.03126,0.0000
14.2636,0.03084,0.03126,0.0000
14.2905,0.03084,0.03126,0.0000
14.3497,0.03084,0.03126,0.0000
14.3756,0.03084,0.03126,0.0000
14.4079,0.03084,0.03126,0.0000
14.4631,0.03084,0.03126,0.0001
14.5027,0.03084,0.03126,0.0001
14.5422,0.03084,0.03126,0.0001
14.5985,0.03084,0.03126,0.0001
14.6588,0.03084,0.03126,0.0001
14.6915,0.03084,0.03126,0.0001
14.7456,0.03084,0.03126,0.0001
14.7995,0.03084,0.03126,0.0001
14.8366,0.03084,0.03126,0.0001
14.8841,0.03084,0.03126,0.0001
14.9636,0.03084,0.03126,0.0001
15.0560,0.03084,0.03126,0.0001
15.1398,0.03084,0.03126,0.0001
15.2039,0.03084,0.03126,0.0001
15.2568,0.03084,0.03126,0.0001
15.3745,0.03084,0.03126,0.0001
15.3979,0.03084,0.03126,0.0001
15.4229,0.03084,0.03126,0.0001
15.4762,0.03084,0.03126,0.0001
15.5164,0.03084,0.03126,0.0001
15.5580,0.03084,0.03126,0.0001
15.6051,0.03084,0.03126,0.0001
15.6678,0.03084,0.03126,0.0001
15.7301,0.03084,0.03126,0.0001
15.7974,0.03084,0.03126,0.0001
16.0467,0.03084,0.03126,0.0001
16.0757,0.03084,0.03126,0.0001
16.1053,0.03084,0.03126,0.0001
16.1832,0.03084,0.03116,-0.0015
16.2133,0.03084,0.03116,-0.0011
16.2444,0.03084,0.03116,-0.0010
26.4738,-0.00600,0.00000,0.0969
26.5162,-0.00600,-0.00158,0.0475
26.5494,-0.00600,-0.00253,0.0313
26.5784,-0.00600,-0.00305,0.0264
26.6213,-0.00600,-0.00474,0.0024
26.6619,-0.00600,-0.00547,-0.0018
26.7357,-0.00600,-0.00674,-0.0170
26.7477,-0.00600,-0.00789,-0.0291
26.8123,-0.00600,-0.00884,-0.0378
26.8330,-0.00600,-0.00958,-0.0439
26.8595,-0.00600,-0.01000,-0.0461
26.8784,-0.00600,-0.01053,-0.0515
26.9133,-0.00600,-0.01063,-0.0502
26.9434,-0.00600,-0.01074,-0.0506
26.9847,-0.00600,-0.01084,-0.0516
27.0285,-0.00600,-0.01074,-0.0492
27.0717,-0.00600,-0.01042,-0.0444
27.0969,-0.00600,-0.01021,-0.0424
27.1388,-0.00600,-0.00989,-0.0385
27.1678,-0.00600,-0.00947,-0.0334
27.2098,-0.00600,-0.00926,-0.0322
27.2505,-0.00600,-0.00895,-0.0286
27.2796,-0.00600,-0.00874,-0.0270
27.3087,-0.00600,-0.00853,-0.0249
27.3600,-0.00600,-0.00821,-0.0211
27.3734,-0.00600,-0.00800,-0.0194
27.3913,-0.00600,-0.00779,-0.0173
27.4292,-0.00600,-0.00758,-0.0152
27.4662,-0.00600,-0.00737,-0.0130
27.5036,-0.00600,-0.00737,-0.0142
27.5495,-0.00600,-0.00726,-0.0129
27.5928,-0.00600,-0.00695,-0.0083
27.6436,-0.00600,-0.00684,-0.0081
27.6832,-0.00600,-0.00674,-0.0072
27.7073,-0.00600,-0.00663,-0.0062
27.7315,-0.00600,-0.00642,-0.0034
27.7694,-0.00600,-0.00642,-0.0044
27.7993,-0.00600,-0.00632,-0.0031
27.8399,-0.00600,-0.00621,-0.0019
27.8712,-0.00600,-0.00621,-0.0025
28.0215,-0.00600,-0.00611,-0.0009
28.0389,-0.00600,-0.00611,-0.0014
28.0615,-0.00600,-0.00600,0.0002
28.0778,-0.00600,-0.00600,-0.0003
28.0956,-0.00600,-0.00589,0.0013
28.1157,-0.00600,-0.00589,0.0008
28.1375,-0.00600,-0.00589,0.0007
28.1615,-0.00600,-0.00579,0.0023
28.2034,-0.00600,-0.00579,0.0019
28.2159,-0.00600,-0.00579,0.0018
28.2421,-0.00600,-0.00568,0.0034
28.2715,-0.00600,-0.00568,0.0030
28.3015,-0.00600,-0.00568,0.0029
28.3280,-0.00600,-0.00558,0.0045
28.3525,-0.00600,-0.00558,0.0041
28.3833,-0.00600,-0.00558,0.0040
28.4093,-0.00600,-0.00558,0.0039
28.4317,-0.00600,-0.00547,0.0056
28.4585,-0.00600,-0.00547,0.0052
28.4934,-0.00600,-0.00547,0.0051
28.5237,-0.00600,-0.00547,0.0050
28.5633,-0.00600,-0.00547,0.0050
28.6014,-0.00600,-0.00558,0.0033
28.6358,-0.00600,-0.00558,0.0038
28.6657,-0.00600,-0.00568,0.0022
28.7063,-0.00600,-0.00579,0.0010
28.7356,-0.00600,-0.00589,-0.0002
28.7683,-0.00600,-0.00589,0.0004
28.7929,-0.00600,-0.00589,0.0006
28.8193,-0.00600,-0.00589,0.0006
28.8470,-0.00600,-0.00589,0.0007
28.8820,-0.00600,-0.00589,0.0007
28.9106,-0.00600,-0.00589,0.0007
29.2907,-0.00600,-0.00600,-0.0010
29.3175,-0.00600,-0.00600,-0.0006
29.3413,-0.00600,-0.00600,-0.0005
29.3645,-0.00600,-0.00600,-0.0005
29.3827,-0.00600,-0.00600,-0.0004
29.3987,-0.00600,-0.00600,-0.0004
29.4132,-0.00600,-0.00600,-0.0004
29.4306,-0.00600,-0.00600,-0.0004
29.4497,-0.00600,-0.00600,-0.0004
29.4617,-0.00600,-0.00600,-0.0004
29.4885,-0.00600,-0.00600,-0.0004
29.5094,-0.00600,-0.00600,-0.0004
29.5273,-0.00600,-0.00600,-0.0004
29.5441,-0.00600,-0.00600,-0.0004
29.5636,-0.00600,-0.00600,-0.0004
29.5858,-0.00600,-0.00600,-0.0004
29.6033,-0.00600,-0.00600,-0.0004
29.6440,-0.00600,-0.00600,-0.0004
29.8324,-0.00600,-0.00600,-0.0004
30.0774,-0.00600,-0.00600,-0.0004
30.0986,-0.00600,-0.00600,-0.0004
30.1346,-0.00600,-0.00600,-0.0004
30.2990,-0.00600,-0.00600,-0.0004
30.3600,-0.00600,-0.00600,-0.0004
30.3870,-0.00600,-0.00600,-0.0004
30.4095,-0.00600,-0.00600,-0.0004
30.4276,-0.00600,-0.00600,-0.0004
30.4488,-0.00600,-0.00600,-0.0004
30.4663,-0.00600,-0.00600,-0.0004
30.4849,-0.00600,-0.00600,-0.0004
30.5066,-0.00600,-0.00600,-0.0004
30.5254,-0.00600,-0.00600,-0.0004
30.5423,-0.00600,-0.00600,-0.0004
30.5575,-0.00600,-0.00600,-0.0004
30.5851,-0.00600,-0.00600,-0.0004
30.6014,-0.00600,-0.00600,-0.0004
30.6206,-0.00600,-0.00600,-0.0004
30.6435,-0.00600,-0.00600,-0.0004
30.6896,-0.00600,-0.00600,-0.0004
30.7233,-0.00600,-0.00600,-0.0004
30.7560,-0.00600,-0.00600,-0.0004
30.7846,-0.00600,-0.00600,-0.0004
30.8273,-0.00600,-0.00600,-0.0004
30.8544,-0.00600,-0.00600,-0.0004
30.8856,-0.00600,-0.00600,-0.0004
30.9177,-0.00600,-0.00600,-0.0004
36.7489,0.04032,0.00000,-0.6505
36.7774,0.04032,0.00000,-0.4901
36.8111,0.04032,0.00011,-0.4405
36.8331,0.04032,0.00011,-0.4268
36.8822,0.04032,0.00074,-0.4127
36.9164,0.04032,0.00158,-0.4007
36.9554,0.04032,0.00295,-0.3827
36.9912,0.04032,0.00432,-0.3675
37.0757,0.04032,0.00600,-0.3480
37.0953,0.04032,0.00811,-0.3232
37.1149,0.04032,0.01042,-0.2972
37.1309,0.04032,0.01263,-0.2744
37.1535,0.04032,0.01474,-0.2532
37.1965,0.04032,0.01600,-0.2452
37.2271,0.04032,0.01737,-0.2320
37.2676,0.04032,0.01884,-0.2165
37.3030,0.04032,0.02126,-0.1859
37.3289,0.04032,0.02316,-0.1676
37.3535,0.04032,0.02516,-0.1467
37.3926,0.04032,0.02705,-0.1275
37.4189,0.04032,0.02853,-0.1148
37.4509,0.04032,0.02968,-0.1054
37.4802,0.04032,0.03063,-0.0976
37.5043,0.04032,0.03200,-0.0816
37.5333,0.04032,0.03284,-0.0753
37.5608,0.04032,0.03379,-0.0656
37.5914,0.04032,0.03442,-0.0609
37.6227,0.04032,0.03526,-0.0515
37.6614,0.04032,0.03589,-0.0460
37.6925,0.04032,0.03642,-0.0414
37.7330,0.04032,0.03695,-0.0362
37.7700,0.04032,0.03737,-0.0325
37.8074,0.04032,0.03768,-0.0301
37.8403,0.04032,0.03811,-0.0253
37.8611,0.04032,0.03842,-0.0225
37.8969,0.04032,0.03884,-0.0177
37.9230,0.04032,0.03905,-0.0166
37.9558,0.04032,0.03926,-0.0147
37.9882,0.04032,0.03958,-0.0109
38.0135,0.04032,0.03989,-0.0075
38.0431,0.04032,0.04011,-0.0058
38.0821,0.04032,0.04032,-0.0038
38.1055,0.04032,0.04042,-0.0034
38.1683,0.04032,0.04053,-0.0025
38.1868,0.04032,0.04074,0.0003
38.2061,0.04032,0.04084,0.0009
38.2506,0.04032,0.04095,0.0019
38.2854,0.04032,0.04105,0.0030
38.3286,0.04032,0.04116,0.0041
38.3588,0.04032,0.04116,0.0035
38.4386,0.04032,0.04126,0.0050
38.4626,0.04032,0.04137,0.0062
38.4903,0.04032,0.04137,0.0057
38.5176,0.04032,0.04147,0.0072
38.5549,0.04032,0.04158,0.0085
38.5948,0.04032,0.04158,0.0079
38.6614,0.04032,0.04158,0.0077
38.6804,0.04032,0.04158,0.0077
38.6976,0.04032,0.04158,0.0077
38.7620,0.04032,0.04158,0.0077
38.7787,0.04032,0.04158,0.0077
38.8027,0.04032,0.04147,0.0060
38.8430,0.04032,0.04147,0.0065
38.8835,0.04032,0.04137,0.0049
39.1961,0.04032,0.04137,0.0054
39.2206,0.04032,0.04126,0.0038
39.2428,0.04032,0.04126,0.0043
39.2607,0.04032,0.04116,0.0027
39.2847,0.04032,0.04116,0.0032
39.3059,0.04032,0.04105,0.0016
39.3227,0.04032,0.04105,0.0021
39.3401,0.04032,0.04105,0.0022
39.3610,0.04032,0.04095,0.0006
39.3805,0.04032,0.04095,0.0010
39.4017,0.04032,0.04095,0.0012
39.4202,0.04032,0.04084,-0.0005
39.4366,0.04032,0.04084,-0.0001
39.4740,0.04032,0.04084,0.0001
39.4971,0.04032,0.04074,-0.0016
39.5345,0.04032,0.04074,-0.0011
39.5704,0.04032,0.04074,-0.0010
39.6122,0.04032,0.04074,-0.0010
39.6464,0.04032,0.04074,-0.0009
39.6805,0.04032,0.04074,-0.0009
39.7429,0.04032,0.04074,-0.0009
39.7637,0.04032,0.04074,-0.0009
39.8092,0.04032,0.04074,-0.0009
39.8552,0.04032,0.04074,-0.0009
39.8955,0.04032,0.04074,-0.0009
39.9273,0.04032,0.04074,-0.0009
39.9567,0.04032,0.04074,-0.0009
40.0028,0.04032,0.04074,-0.0009
40.0268,0.04032,0.04074,-0.0009
40.0555,0.04032,0.04074,-0.0009
40.0924,0.04032,0.04074,-0.0009
40.1286,0.04032,0.04074,-0.0009
40.1586,0.04032,0.04074,-0.0009
40.1905,0.04032,0.04074,-0.0009
40.2132,0.04032,0.04074,-0.0009
40.2394,0.04032,0.04074,-0.0009
40.2661,0.04032,0.04074,-0.0009
40.2994,0.04032,0.04074,-0.0009
40.3292,0.04032,0.04074,-0.0009
40.3599,0.04032,0.04074,-0.0009
40.4083,0.04032,0.04074,-0.0009
40.4495,0.04032,0.04074,-0.0009
40.4798,0.04032,0.04074,-0.0009
40.5114,0.04032,0.04074,-0.0009
40.5487,0.04032,0.04074,-0.0009
40.6142,0.04032,0.04074,-0.0008
40.6312,0.04032,0.04074,-0.0008
40.6472,0.04032,0.04074,-0.0008
40.6692,0.04032,0.04074,-0.0008
40.7017,0.04032,0.04074,-0.0008
40.7472,0.04032,0.04074,-0.0008
40.7858,0.04032,0.04074,-0.0008
40.8192,0.04032,0.04074,-0.0008
40.8591,0.04032,0.04074,-0.0008
40.9175,0.04032,0.04074,-0.0008
40.9377,0.04032,0.04084,0.0009
40.9607,0.04032,0.04084,0.0005
40.9896,0.04032,0.04084,0.0003
41.0337,0.04032,0.04084,0.0003
41.0637,0.04032,0.04084,0.0003
41.1097,0.04032,0.04084,0.0003
41.1596,0.04032,0.04084,0.0003
44.6014,-0.03895,0.00000,0.6290
44.6266,-0.03895,0.00011,0.4753
44.6669,-0.03895,0.00021,0.4302
44.7114,-0.03895,0.00021,0.4160
44.7517,-0.03895,0.00021,0.4119
44.8302,-0.03895,-0.00021,0.4041
44.8524,-0.03895,-0.00084,0.3956
44.8775,-0.03895,-0.00158,0.3869
44.9271,-0.03895,-0.00221,0.3808
44.9864,-0.03895,-0.00284,0.3746
45.0297,-0.03895,-0.00337,0.3700
45.1024,-0.03895,-0.00411,0.3616
45.1441,-0.03895,-0.00537,0.3454
45.1777,-0.03895,-0.00768,0.3145
45.2403,-0.03895,-0.01011,0.2868
45.2883,-0.03895,-0.01179,0.2728
45.3611,-0.03895,-0.01379,0.2514
45.4325,-0.03895,-0.01589,0.2288
45.5015,-0.03895,-0.01789,0.2084
45.5699,-0.03895,-0.01989,0.1878
45.6391,-0.03895,-0.02179,0.1688
45.7013,-0.03895,-0.02326,0.1562
45.7758,-0.03895,-0.02453,0.1451
45.8417,-0.03895,-0.02558,0.1360
45.8915,-0.03895,-0.02663,0.1257
45.9447,-0.03895,-0.02779,0.1132
45.9930,-0.03895,-0.02884,0.1028
46.0337,-0.03895,-0.02979,0.0937
46.0917,-0.03895,-0.03053,0.0875
46.3486,-0.03895,-0.03116,0.0820
46.3838,-0.03895,-0.03189,0.0741
46.4148,-0.03895,-0.03263,0.0664
46.4363,-0.03895,-0.03316,0.0621
46.5102,-0.03895,-0.03358,0.0587
46.5293,-0.03895,-0.03389,0.0564
46.5480,-0.03895,-0.03400,0.0568
46.5675,-0.03895,-0.03421,0.0545
46.5849,-0.03895,-0.03442,0.0522
46.6256,-0.03895,-0.03484,0.0467
46.6857,-0.03895,-0.03526,0.0419
46.7227,-0.03895,-0.03568,0.0375
46.7947,-0.03895,-0.03621,0.0314
46.9898,-0.03895,-0.03674,0.0257
47.0204,-0.03895,-0.03716,0.0219
47.2032,-0.03895,-0.03747,0.0194
47.2247,-0.03895,-0.03779,0.0163
47.2478,-0.03895,-0.03789,0.0165
47.2626,-0.03895,-0.03800,0.0158
47.2787,-0.03895,-0.03811,0.0148
47.2995,-0.03895,-0.03821,0.0137
47.3165,-0.03895,-0.03832,0.0127
47.3325,-0.03895,-0.03832,0.0133
47.3595,-0.03895,-0.03842,0.0117
47.4092,-0.03895,-0.03842,0.0122
47.4383,-0.03895,-0.03863,0.0090
47.4773,-0.03895,-0.03874,0.0082
47.5097,-0.03895,-0.03895,0.0055
47.5410,-0.03895,-0.03905,0.0048
47.5918,-0.03895,-0.03905,0.0055
47.6221,-0.03895,-0.03926,0.0024
47.6625,-0.03895,-0.00411,0.5707
47.7098,-0.03895,-0.03926,-0.1365
47.8115,-0.03895,-0.00400,0.5309
48.1156,-0.03895,-0.03958,-0.1542
48.4234,-0.03432,0.00000,0.5073
48.4514,-0.03432,-0.00032,0.3981
48.4822,-0.03432,-0.00053,0.3650
48.5061,-0.03432,-0.00053,0.3571
48.5302,-0.03432,-0.00063,0.3532
48.5532,-0.03432,-0.00053,0.3549
48.5715,-0.03432,0.00000,0.3631
48.6109,-0.03432,-0.00063,0.3509
48.6686,-0.03432,0.00011,0.3650
48.7142,-0.03432,-0.03432,-0.1927
48.7832,-0.03432,-0.03126,-0.0068
48.8481,-0.03432,-0.02800,0.0747
48.9204,-0.03432,-0.02442,0.1281
49.0209,-0.03432,-0.02116,0.1653
49.0888,-0.03432,-0.01758,0.2055
49.1566,-0.03432,-0.01411,0.2421
49.2313,-0.03432,-0.01179,0.2599
49.3532,-0.03432,-0.01074,0.2619
49.4165,-0.03432,-0.01053,0.2567
49.4952,-0.03432,-0.01063,0.2518
49.5656,-0.03432,-0.01126,0.2411
49.7349,-0.03432,-0.01211,0.2301
49.7611,-0.03432,-0.01316,0.2173
49.7916,-0.03432,-0.01432,0.2042
49.8655,-0.03432,-0.01537,0.1936
49.9237,-0.03432,-0.01611,0.1880
49.9833,-0.03432,-0.01695,0.1793
50.0420,-0.03432,-0.01800,0.1672
50.1367,-0.03432,-0.01884,0.1594
50.1945,-0.03432,-0.02000,0.1459
50.2819,-0.03432,-0.02105,0.1352
50.3678,-0.03432,-0.02200,0.1260
50.4486,-0.03432,-0.02274,0.1198
50.5780,-0.03432,-0.02368,0.1093
50.7666,-0.03432,-0.02432,0.1043
50.7987,-0.03432,-0.02495,0.0983
50.9081,-0.03432,-0.02558,0.0919
50.9308,-0.03432,-0.02611,0.0871